5AK3,North Pole
PALH,Anchorage
CRF3,Villeneuve
CRD5,Red Deer
22XS,Fort Hood(Killeen)
23XS,Fort Hood/Killeen/
KNWL,Waldron Fld Nolf
WS20,Fort Mccoy
KNEN,Jacksonville
MUCA,Ciego De Avila
SEMH,Machala
SWFN,Manaus
SLSI,San Ignacio De Velasco
SCTC,Temuco
SCVL,Valdivia
SCPD,Tocopilla
SMNI,New Nickerie
SNWE,Miranda
SNGS,Satuba
EGDO,Predannack
EGQK,Kinloss
EGXU,Linton-On-Ouse
EGUY,Wyton
LPAL,Alcacer Do Sal
GFKE,Kenema
ETHE,Rheine
EDOP,Schwerin-Parchim
LKLT,Letnany
LBTS,Tsalapita
LBSB,Aheloy
FKKY,Yaounde/Ville
HSGN,Geneina
FTAA,Am Djarass
FZIA,Kisangani
FZJH,Isiro-Matari
FZNP,Beni
FZAN,Inga
FZAI,Kitona
FBSW,Shakawe
FZWT,Kabinda
FZSA,Kamina
FVTL,Gweru
FASK,Swartkop
UKKW,Konotop
UKBC,Berezivka
UKOM,Lymanske
UUMB,Kubinka
UKKB,Koktebel'
UUBK,Rybinsk
ULKK,Kotlas
UWSK,Krasnyy Kut
UUYX,Ust-Tsilma
LLIB,Rosh-Pina
LLNV,Nevatim Ab
OJHF,Prince Hasan
LTCH,Sanliurfa
ORBD,Balad Southeast
OIIM,Naja
HSDB,Ed Debba
HAAL,Addis Ababa
HCMB,Baidoa
OOAD,Adam
OOMA,Masirah
HKNY,Nanyuki
HKUK,Gazi
USDP,Urengoy
OAIX,Bagram
OAJL,Jalalabad
VIHR,Hissar
ZWKC,Kuche
VECO,Cooch Behar
VGBG,Bogra
UNIT,Tura
UNKI,Kodinsk
UIKK,Kirensk
ZLJQ,Jiayuguan
ZUWX,Wuqiao
ZBER,Erenhot
ZBYC,Anyi
ZHYC,Yunchi
VLOS,Oudomsay
WADA,Mataram
UEBS,Batagay-Alyta
UHNA,Ayan
UEMA,Ust-Nera
UHOO,Okhotsk
RCSQ,Pingtung
RKNN,Gangneung
RPVV,Coron
UHPG,Tigil'
UHPM,Esso
UHPK,Ust'-Kamchatsk Staryy
UHPX,Ust'-Kamchatsk Staryy
UHMO,Pevek
RCLG,Taichung
ENOE,Princess Martha Coast
UHMD,Provideniya Bay
PABE,Bethel
PAKN,King Salmon
PAEN,Kenai
PADQ,Kodiak
PHBK,Kauai
PHLI,Lihue
PHHI,Wahiawa
PHJR,Kapolei
PHNG,Mokapu
PHNL,Honolulu
PHOG,Kahului
PHKO,Kailua-Kona
PHSF,Pohakuloa
PHTO,Hilo
PLCH,Christmas I
NFCI,Alo
NFTF,Nuku'Alofa
NSFA,Apia
NSFI,Fagali
NSMA,Vailoa
NCRG,Rarotonga I
NTTB,Bora Bora I
NTTR,Raiatea I
CYXY,Whitehorse
PAJN,Juneau
CYQQ,Comox
CAT4,Qualicum Beach
CYAZ,Tofino
CYCD,Nanaimo
CYXS,Prince George
CYVR,Vancouver
CYYJ,Victoria
CZBB,Boundary Bay
CYNJ,Langley
CYPK,Pitt Meadows
CYXX,Abbotsford
KBLI,Bellingham
KNUW,Oak Harbor
KPAE,Everett
KSHN,Shelton
KBFI,Seattle
KRNT,Renton
KSEA,Seattle
KTCM,Tacoma
KTIW,Tacoma
KOLM,Olympia
KGRF,Ft Lewis
KYKM,Yakima
KSPB,Scappoose
KHIO,Portland
KPDX,Portland
KUAO,Aurora
PAED,Anchorage
PAFR,Bryant Ahp
PAMR,Anchorage
PANC,Anchorage
PAFA,Fairbanks
PAFB,Ft Wainwright
PAEI,Fairbanks
PABI,Delta Junction/Ft Greely
KOTH,North Bend
KSLE,Salem
KEUG,Eugene
KRDM,Redmond
KMFR,Medford
A32,Dorris
KLMT,Klamath Falls
A28,Ft Bidwell
A26,Adin
KRDD,Redding
KCIC,Chico
D83,Boonville
KSTS,Santa Rosa
KAPC,Napa
KCCR,Concord
KSUU,Fairfield
KBAB,Marysville
KSMF,Sacramento
KTRK,Truckee
KMHR,Sacramento
KSAC,Sacramento
KHWD,Hayward
KNUQ,Mountain View
KOAK,Oakland
KSFO,San Francisco
KSJC,San Jose
KSQL,San Carlos
KLVK,Livermore
KMOD,Modesto
KRHV,San Jose
KSCK,Stockton
KMER,Atwater
KCVH,Hollister
KMRY,Monterey
KSNS,Salinas
KSBP,San Luis Obispo
KSMX,Santa Maria
KVBG,Lompoc
NTAA,Tahiti I
NTTE,Tetiaroa
NTTM,Moorea Island
CYGE,Golden
CYLW,Kelowna
S97,Brewster
KMWH,Moses Lake
KGEG,Spokane
KSFF,Spokane
KPSC,Pasco
KALW,Walla Walla
KPDT,Pendleton
KLWS,Lewiston
CYZH,Slave Lake
CZVL,Edmonton
CFQ7,Edmonton
CYEG,Edmonton
CEX3,Wetaskiwin
CRD6,Red Deer
CYQF,Red Deer
CEA3,Olds-Didsbury
CYYC,Calgary
KGPI,Kalispell
KMSO,Missoula
A05,Dixie
CYZF,Yellowknife
CYMM,Ft Mcmurray
CEN5,Cold Lake
CYOD,Cold Lake
CYWN,Wainwright
5U5,Fairfield
KGTF,Great Falls
KHLN,Helena
KBZN,Bozeman
CYLJ,Meadow Lake
CYXE,Saskatoon
KBIL,Billings
CYQR,Regina
S85,Culbertson
KMIB,Minot
KMOT,Minot
CYTH,Thompson
CYNE,Norway House
CYPG,Portage La Prairie
KBIS,Bismarck
CYYQ,Churchill
CYIV,Island Lake
CYPM,Pikangikum
CYAV,Winnipeg
CKK7,Steinbach
CYWG,Winnipeg
KGFK,Grand Forks
KRDR,Grand Forks
KFAR,Fargo
KRYM,Camp Ripley
KSTC,St Cloud
KDLH,Duluth
KANE,Minneapolis
KMIC,Minneapolis
KRNO,Reno
KNFL,Fallon
KFAT,Fresno
KNLC,Lemoore
KBFL,Bakersfield
KNID,China Lake
KMHV,Mojave
KWJF,Lancaster
KCMA,Camarillo
KNTD,Point Mugu
KOXR,Oxnard
KSBA,Santa Barbara
KBUR,Burbank
KHHR,Hawthorne
KLAX,Los Angeles
KLGB,Long Beach
KSMO,Santa Monica
KTOA,Torrance
KVNY,Van Nuys
KWHP,Los Angeles
KEDW,Edwards
KPMD,Palmdale
KVCV,Victorville
KCNO,Chino
KEMT,El Monte
KFUL,Fullerton
KONT,Ontario
KPOC,La Verne
KRAL,Riverside
KRIV,Riverside
KSBD,San Bernardino
KSLI,Los Alamitos
KPSP,Palm Springs
KNSI,San Nicolas I
KNUC,San Clemente Island
KCRQ,Carlsbad
KNFG,Oceanside
KSNA,Santa Ana
KNZY,San Diego
KSAN,San Diego
KMYF,San Diego
KNKX,San Diego
KNRS,Imperial Beach
KRNM,Ramona
KSDM,San Diego
KSEE,San Diego
MMTJ,Tijuana
MMES,Ensenada
KBOI,Boise
KMUO,Mountain Home
KTWF,Twin Falls
KSUN,Hailey
KPIH,Pocatello
KINS,Indian Springs
KHND,Las Vegas
KLAS,Las Vegas
KLSV,Las Vegas
KVGT,Las Vegas
KIFP,Bullhead City
E25,Wickenburg
KIPL,Imperial
KNJK,El Centro
KLGF,Yuma Proving Ground
KNYL,Yuma
MMML,Mexicali
KGXF,Gila Bend
MMPE,Punta Penasco
KJAC,Jackson
KIDA,Idaho Falls
KHIF,Ogden
KOGD,Ogden
KSLC,Salt Lake City
KPVU,Provo
KGCN,Grand Canyon
KFLG,Flagstaff
KPRC,Prescott
KCHD,Chandler
KDVT,Phoenix
KFFZ,Mesa
KGEU,Glendale
KGYR,Goodyear
KIWA,Phoenix
KLUF,Glendale
KPHX,Phoenix
KSDL,Scottsdale
KDMA,Tucson
KRYN,Tucson
KTUS,Tucson
KFHU,Ft Huachuca
MMHO,Hermosillo
MMGM,Guaymas
MMCN,Ciudad Obregon
MMLT,Loreto
MMLM,Los Mochis
MMLP,La Paz
MMSD,San Jose Del Cabo
MMSL,Cabo San Lucas
KCPR,Casper
KEGE,Eagle
KFNL,Ft Collins-Loveland
KBJC,Denver
KGJT,Grand Junction
KASE,Aspen
KFMN,Farmington
KSAF,Santa Fe
KABQ,Albuquerque
KAEG,Albuquerque
KHMN,Alamogordo
KBIF,Ft Bliss
KELP,El Paso
MMCS,Ciudad Juarez
MMCU,Chihuahua
MMGA,Creel
MMCL,Culiacan
MMMZ,Mazatlan
KRAP,Rapid City
KRCA,Rapid City
KGUR,Guernsey
KLSK,Lusk
KCYS,Cheyenne
KAPA,Denver
KBKF,Aurora
KCFO,Denver
KDEN,Denver
KAFF,Colorado Springs
KCOS,Colorado Springs
KFCS,Ft Carson
KPUB,Pueblo
KAMA,Amarillo
KCVS,Clovis
KROW,Roswell
KHOB,Hobbs
KLBB,Lubbock
KMAF,Midland
MMTC,Torreon
MMDO,Durango
MMZC,Zacatecas
KGRI,Grand Island
KSLN,Salina
KHUT,Hutchinson
KGCK,Garden City
KEND,Enid
KWDG,Enid
KCSM,Clinton
KOKC,Oklahoma City
KPWA,Oklahoma City
KLTS,Altus
KFSI,Ft Sill
KLAW,Lawton
KSPS,Wichita Falls
KABI,Abilene
KSJT,San Angelo
KGRK,Ft Hood
KHLR,Ft Hood
KEDC,Austin
KGTU,Georgetown
KSAT,San Antonio
KAUS,Austin
KBAZ,New Braunfels
KHYI,San Marcos
KDLF,Del Rio
KSKF,San Antonio
KSSF,San Antonio
KRND,Universal City
KLRD,Laredo
MMNL,Nuevo Laredo
KCRP,Corpus Christi
KNOG,Orange Grove
KNQI,Kingsville
MMIO,Saltillo
MMAN,Monterrey
MMMY,Monterrey
KHRL,Harlingen
KMFE,Mcallen
MMMA,Matamoros
MMRX,Reynosa
MMCV,Ciudad Victoria
KFSD,Sioux Falls
KSUX,Sioux City
KLNK,Lincoln
KOFF,Omaha
KOMA,Omaha
KSTJ,St Joseph
KFRI,Ft Riley
KMHK,Manhattan
KFOE,Topeka
KIXD,Olathe
KMCI,Kansas City
KOJC,Olathe
KTOP,Topeka
KMKC,Kansas City
KBEC,Wichita
KIAB,Wichita
KICT,Wichita
KJLN,Joplin
KSWO,Stillwater
KRVS,Tulsa
KTUL,Tulsa
KOUN,Norman
KTIK,Oklahoma City
KASG,Springdale
KFYV,Fayetteville
KROG,Rogers
KXNA,Fayetteville/Springdale/
KFSM,Ft Smith
KADM,Ardmore
KDTO,Denton
KGYI,Sherman-Denison
KTKI,Mckinney
KGVT,Greenville
KADS,Dallas
KAFW,Ft Worth
KDAL,Dallas
KDFW,Dallas-Ft Worth
KFTW,Ft Worth
KFWS,Ft Worth
KGKY,Arlington
KGPM,Grand Prairie
KNFW,Ft Worth
KRBD,Dallas
KHQZ,Mesquite
KTXK,Texarkana
KGGG,Longview
KTYR,Tyler
KSHV,Shreveport
73F,Waco
KACT,Waco
KCNW,Waco
KCLL,College Station
KSGR,Houston
KCXO,Houston
KDWH,Houston
KEFD,Houston
KHOU,Houston
KIAH,Houston
KBPT,Beaumont/Port Arthur
KVCT,Victoria
KGLS,Galveston
KNGP,Corpus Christi
KNGW,Corpus Christi
KBRO,Brownsville
KFCM,Minneapolis
KMSP,Minneapolis
KSTP,St Paul
KRST,Rochester
KEAU,Eau Claire
KLSE,La Crosse
KCMY,Sparta
KVOK,Camp Douglas
KALO,Waterloo
KDBQ,Dubuque
KDSM,Des Moines
KCID,Cedar Rapids
KMLI,Moline
KSZL,Knob Noster
KCOU,Columbia
KJEF,Jefferson City
KALN,Alton-St Louis
KSTL,St Louis
KCPS,Cahokia/St Louis
KSUS,St Louis
KTBN,Ft Leonard Wood
KSGF,Springfield
KLIT,Little Rock
KLRF,Jacksonville
KBAD,Bossier City
KDTN,Shreveport
KMLU,Monroe
KGLH,Greenville
KGWO,Greenwood
KPOE,Ft Polk
KAEX,Alexandria
KHKS,Jackson
KJAN,Jackson
KCWF,Lake Charles
KLCH,Lake Charles
KARA,New Iberia
KLFT,Lafayette
KBTR,Baton Rouge
KHDC,Hammond
KHUM,Houma
KMSY,New Orleans
KNBG,New Orleans
KNEW,New Orleans
MMPR,Puerto Vallarta
MMEP,Tepic
MMAS,Aguascalientes
MMGL,Guadalajara
MMTL,Talpa De Allende
MMLO,León
MMZO,Manzanillo
MMIA,Colima
MMPN,Uruapan
MMZH,Ixtapa-Zihuatanejo
MMSP,San Luis Potosi
MMTN,Tamuin
MMTM,Tampico
MMQT,Queretaro
MMMM,Morelia
MMSM,Paseos De San Juan
MMTO,Toluca
MMMX,Mexico City
MMPB,Puebla
MMCB,Cuernavaca
MMAA,Acapulco
MMPA,Poza Rica Tuxpan
MMVR,Veracruz
MMOX,Oaxaca
MMMT,Minatitlan
MMPS,Puerto Escondido
MMBT,Bahias De Huatulco
MMIT,Ixtepec
MMCP,Campeche
MMCE,Ciudad Del Carmen
MMVA,Villahermosa
MMTB,Teran
MMTG,Ignacio Allende
MMTP,Tapachula
MGRT,Retalhuleu
MGGT,Guatemala City
MGSJ,Puerto San Jose
SEGS,Baltra I Galapagos Is
SCIP,Isla De Pascua
BGTL,Qaanaaq
CYQT,Thunder Bay
KSAW,Marquette
CYAM,Sault Ste Marie
KAPN,Alpena
CYMO,Moosonee
CYND,Gatineau
CYOW,Ottawa
CNV9,Neuville
CYQB,Quebec
CSP6,Notre-Dame-De-L'Ile-Perrot
CYHU,St-Hubert
CYJN,St-Jean
CYMX,Montreal
CYUL,Montreal
CYRC,St-Honore
CYBG,Bagotville
CYFC,Fredericton
CYQM,Moncton
CYYR,Goose Bay
KCWA,Mosinee
KGRB,Green Bay
KATW,Appleton
KOSH,Oshkosh
KMSN,Madison
KUES,Waukesha
KRFD,Rockford
KJVL,Janesville
KMKE,Milwaukee
KMWC,Milwaukee
KENW,Kenosha
KUGN,Chicago/Waukegan
KARR,Chicago/Aurora
KDPA,Chicago
KGYY,Gary
KLOT,Chicago/Romeoville
KMDW,Chicago
KORD,Chicago
KPWK,Chicago/Prospect Hgts/Wh
KSBN,South Bend
KPIA,Peoria
KBMI,Bloomington-Normal
KSPI,Springfield
KCMI,Champaign-Urbana
KDEC,Decatur
KLAF,Lafayette
KHUF,Terre Haute
KIND,Indianapolis
KBLV,Belleville
KBMG,Bloomington
KEVV,Evansville
KMDH,Carbondale-Murphysboro
KMWA,Marion
KCGI,Cape Girardeau
KPAH,Paducah
KOWB,Owensboro
KHOP,Ft Campbell/Hopkinsville
KNQA,Millington
KMKL,Jackson
KBNA,Nashville
KJWN,Nashville
KMQY,Smyrna
KMEM,Memphis
KOLV,Olive Branch
KTUP,Tupelo
KHSV,Huntsville
KHUA,Redstone Arsenal
KCBM,Columbus
KGTR,Columbus-W Point-Starkvi
KNJW,Meridian
KNMM,Meridian
KTCL,Tuscaloosa
KBHM,Birmingham
KMXF,Montgomery
KMEI,Meridian
KMGM,Montgomery
KSEM,Selma
KGPT,Gulfport
KHSA,Bay St Louis
KBIX,Biloxi
KMOB,Mobile
KPQL,Pascagoula
KBFM,Mobile
KJKA,Gulf Shores
KNPA,Pensacola
KDTS,Destin
KEGI,Valparaiso
KHRT,Mary Esther
KNDZ,Milton
KNSE,Milton
KPNS,Pensacola
KVPS,Valparaiso
KTVC,Traverse City
KGOV,Grayling
KMKG,Muskegon
KAZO,Kalamazoo
KGRR,Grand Rapids
KBTL,Battle Creek
KJXN,Jackson
KLAN,Lansing
KFNT,Flint
KMBS,Saginaw
KARB,Ann Arbor
KYIP,Detroit
CYQG,Windsor
KDET,Detroit
KDTW,Detroit
KMTC,Mt Clemens
KPTK,Pontiac
KEKM,Elkhart
KFWA,Ft Wayne
KTOL,Toledo
KMFD,Mansfield
KAID,Anderson
KGUS,Peru
KMIE,Muncie
KOSU,Columbus
KDAY,Dayton
KILN,Wilmington
KCMH,Columbus
KLCK,Columbus
KTZR,Columbus
KBAK,Columbus
KHBE,Nineveh
KCVG,Cincinnati
KLUK,Cincinnati
KLOU,Louisville
KSDF,Louisville
KLEX,Lexington
KHTS,Huntington
KFTK,Ft Knox
KTYS,Knoxville
KAVL,Asheville
KCHA,Chattanooga
KFTY,Atlanta
KMGE,Marietta
KRYY,Atlanta
KLZU,Lawrenceville
KPDK,Atlanta
KAHN,Athens
KATL,Atlanta
KCSG,Columbus
KMCN,Macon
KWRB,Warner Robins
KTOI,Troy
KLSF,Ft Benning
KDHN,Dothan
KHEY,Ft Novosel (Ozark)
KOZR,Ft Rucker
KEZM,Eastman
KABY,Albany
KVAD,Valdosta
KPAM,Panama City
KTLH,Tallahassee
KVLD,Valdosta
KLCQ,Lake City
KMCF,Tampa
KPIE,St Petersburg-Clearwater
KSPG,St Petersburg
KTPA,Tampa
KSRQ,Sarasota/Bradenton
MUPB,Havana
CNP8,Greenbank
CYOO,Oshawa
CYTZ,Toronto
CYYZ,Toronto
CYXU,London
CYKF,Kitchener
CZBA,Burlington
KIAG,Niagara Falls
KBKL,Cleveland
KCGF,Cleveland
KCLE,Cleveland
KCAK,Akron
KYNG,Youngstown-Warren
KERI,Erie
KHLG,Wheeling
KAGC,Pittsburgh
KBVI,Beaver Falls
KPIT,Pittsburgh
KJST,Johnstown
KLBE,Latrobe
KMGW,Morgantown
KPKB,Parkersburg
KCRW,Charleston
KCKB,Clarksburg
KLWB,Lewisburg
KROA,Roanoke
KLYH,Lynchburg
KTRI,Bristol-Johnson-Kingspor
KCLT,Charlotte
KHKY,Hickory
KJQF,Concord
KGSO,Greensboro
KINT,Winston-Salem
KRDU,Raleigh/Durham
KVUJ,Albemarle
KPOB,Fayetteville
KGMU,Greenville
KGSP,Greer
KGYH,Greenville
KCAE,Columbia
KMMT,Eastover
KFAY,Fayetteville
KFBG,Ft Bragg
KHFF,Camp Mackall
KFLO,Florence
KSSC,Sumter
KAGS,Augusta
KXNO,North
KNBC,Beaufort
KMYR,Myrtle Beach
KCHS,Charleston
KHXD,Hilton Head I
KLHW,Ft Stewart
KSAV,Savannah
KSVN,Savannah
KJAX,Jacksonville
KCRG,Jacksonville
KNRB,Mayport
KGNV,Gainesville
KNIP,Jacksonville
KVQQ,Jacksonville
KSGJ,St Augustine
KOCF,Ocala
KDAB,Daytona Beach
KEVB,New Smyrna Beach
KFIN,Bunnell
KOMN,Ormond Beach
KBKV,Brooksville
KLEE,Leesburg
KISM,Orlando
KMCO,Orlando
KORL,Orlando
KSFB,Orlando
KTIX,Titusville
KTTS,Titusville
KCOF,Cocoa Beach
KXMR,Cocoa Beach
KBOW,Bartow
KLAL,Lakeland
KMLB,Melbourne
KPGD,Punta Gorda
KFPR,Ft Pierce
KVRB,Vero Beach
06FA,Jupiter
KSUA,Stuart
KAPF,Naples
KFMY,Ft Myers
KRSW,Fort Myers
KBCT,Boca Raton
KFLL,Ft Lauderdale
KFXE,Ft Lauderdale
KPBI,West Palm Beach
KPMP,Pompano Beach
KHST,Homestead
KHWO,Hollywood
KMIA,Miami
KOPF,Miami
KTMB,Miami
KEYW,Key West
KNQX,Key West
MUHA,Havana
MUVR,Varadero
CPZ3,Mountain View
CYTR,Trenton
KGTB,Ft Drum
KBUF,Buffalo
KSYR,Syracuse
KRME,Rome
KBGM,Binghamton
KITH,Ithaca
KELM,Elmira
KUNV,State College
KIPT,Williamsport
KAVP,Wilkes-Barre
KMRB,Martinsburg
KFDK,Frederick
KHGR,Hagerstown
KCXY,Harrisburg
KLNS,Lancaster
KMDT,Harrisburg
KMUI,Ft Indiantown Gap
KRDG,Reading
KABE,Allentown
KPNE,Philadelphia
KAPG,Aberdeen Proving Grounds
KILG,Wilmington
KPHL,Philadelphia
KDAA,Ft Belvoir
KDCA,Washington
KHEF,Manassas
KIAD,Washington
KJYO,Leesburg
KCHO,Charlottesville
KNYG,Quantico
KADW,Camp Springs
KBWI,Baltimore
KESN,Easton
KMTN,Baltimore
KDOV,Dover
KNHK,Patuxent River
KNUI,St Inigoes
KSBY,Salisbury
KRIC,Richmond
KBKT,Blackstone
W31,Kenbridge
KWAL,Wallops I
KFAF,Ft Eustis
KLFI,Hampton
KNGU,Norfolk
KNHU,Norfolk
KNTU,Oceana
KORF,Norfolk
KPHF,Newport News
KGSB,Goldsboro
KISO,Kinston
KECG,Elizabeth City
KEWN,New Bern
KNCA,Jacksonville
KNJM,Swansboro
KNKT,Cherry Point
KOAJ,Jacksonville
KCRE,North Myrtle Beach
KILM,Wilmington
MYGF,Freeport
MYAM,Marsh Harbour
MYNN,Nassau
KBTV,Burlington
KLEB,Lebanon
KALB,Albany
KSCH,Schenectady
KMHT,Manchester
KCEF,Springfield/Chicopee
KASH,Nashua
KBED,Bedford
KORH,Worcester
KSWF,Newburgh
KPOU,Poughkeepsie
KCDW,Caldwell
KMMU,Morristown
KBDR,Bridgeport
KDXR,Danbury
KHPN,White Plains
KOXC,Oxford
KTEB,Teterboro
KBAF,Westfield/Springfield
KBDL,Windsor Locks
KHFD,Hartford
KOQU,North Kingstown
KPVD,Providence
KFOK,Westhampton Beach
KHVN,New Haven
KISP,Islip
KJPX,East Hampton
KGON,Groton/New London
KEWR,Newark
KTTN,Trenton
KFRG,Farmingdale
KJFK,New York
KLGA,New York
KACY,Atlantic City
KNEL,Lakehurst
KWRI,Wrightstown
KPWM,Portland
KBGR,Bangor
KPSM,Portsmouth
KBOS,Boston
KBVY,Beverly
KLWM,Lawrence
KOWD,Norwood
KEWB,New Bedford
KFMH,Falmouth
KHYA,Hyannis
KMVY,Vineyard Haven
KACK,Nantucket
CYZX,Greenwood
TXKF,Bermuda Is
CYHZ,Halifax
MMMD,Merida
MMCT,Chichen-Itza
MMCZ,Cozumel
MMUN,Cancun
MMCM,Chetumal
MZBZ,Belize City
MGPB,Puerto Barrios
MHRO,Roatan
MHLC,La Ceiba
MHLM,San Pedro Sula
MHPR,Comayagua
MSSS,San Salvador
MSLP,San Salvador
MHTG,Tegucigalpa
MUNG,Nueva Gerona
MNMG,Managua
MNCE,Costa Esmeralda
MNOM,Isla De Ometepe
MRLB,Liberia
MNSN,Cariari
MROC,San Jose
MRPV,San Jose
MPCH,Changuinola
MUCL,Cayo Largo Del Sur
MUCF,Cienfuegos
MUSC,Santa Clara
MWCR,Grand Cayman
MWCB,Cayman Brac
SKPV,Isla Providencia
SKSP,San Andres I
MPBO,Bocas Del Toro
MPEJ,Colon
MPMG,Panama City
MPPA,Balboa
MPTO,Panama
MPDA,David
SETN,Tachina
MUCC,Cayo Coco
MUCM,Camaguey
MUMZ,Manzanillo
MUBY,Bayamo
MUHG,Holguin
MUCU,Santiago De Cuba
MUGM,Guantanamo Bay
MUGT,Guantanamo
MKJS,Montego Bay
MKJP,Kingston
SKCG,Cartagena
SKCZ,Corozal
SKTL,Tolu
SKMR,Monteria
SKLC,Carepa
SKTU,Turbo
SKML,Montelibano
SKBS,Bahia Solano
SKUI,Quibdo
SKMD,Medellin
SKRG,Rionegro
SKCD,Condoto
SKMZ,Manizales
SKGO,Cartago
SKAR,Armenia
SKIB,Ibague
SKPE,Pereira
SKBU,Buenaventura
SKCL,Cali
SKUL,Tulua
SKNV,Neiva
SKGP,Guapi
SKCO,Tumaco
SKPP,Popayan
SKPI,Pitalito
SKFL,Florencia
SETU,Tulcan
SKIP,Ipiales
SKPS,Pasto
SENL,Nueva Loja
SKAS,Puerto Asis
MBPV,Providenciales I.
MUMO,Moa
MUBA,Baracoa
MTCH,Cap Haitien
MTPX,Port De Paix
MTJE,Jeremie
MTPP,Port-Au-Prince
MTJA,Jacmel
SKPB,Portete
SKRH,Riohacha
SKBQ,Barranquilla
SKSM,Santa Marta
SKVP,Valledupar
SKLM,Maicao
SVMC,Maracaibo
SKMG,Magangue
SKBC,El Banco
SVSZ,San Carlos Del Zulia
SVVG,El Vigia
SKOC,Ocana
SKEB,El Bagre
SKBG,Bucaramanga
SKCC,Cucuta
SVLF,La Fria
SVPM,San Cristobal
SVSA,San Antonio Del Tachira
SVSO,Santo Domingo
SKOT,Remedios
SKEJ,Barrancabermeja
SKSG,San Gil
SKSA,Saravena
SKTM,Tame
SKPA,Paipa
SKSO,Sogamoso
SKPQ,Palanquero
SKQU,Mariquita
SKBO,Bogota
SKGI,Girardot
SKGY,Guaymaral
SKYP,El Yopal
SKTD,Trinidad
SKAP,Villavicencio
SKVV,Villavicencio
SKSV,San Vicente Del Caguan
SKSJ,San Jose Del Guaviare
MBGT,Grand Turk I.
MBSY,Salt Cay
MDPP,Puerto Plata
MDST,Santiago
MDAB,Arroyo Barril
MDSD,Santo Domingo
MDSI,San Isidro
MDLR,La Romana
MDPC,Higuey
MDBH,Barahona
TNCA,Aruba Island
SVCR,Coro
SVJC,Paraguana
TNCC,Curacao I
TNCB,Bonaire I
SVBM,Barquisimeto
SVSP,San Felipe
SVBS,Maracay
SVPC,Puerto Cabello
SVVA,Valencia
SVVL,Valera
SVMD,Merida
SVBI,Barinas
SVGU,Guanare
SVAC,Acarigua
SVCJ,San Carlos
SKUC,Arauca
SKUA,Marandua Ab
SVPA,Puerto Ayacucho
SKPD,Puerto Inirida
SKMU,Mitu
TJBQ,Aguadilla
TJIG,San Juan
TJSJ,San Juan
TIST,St Thomas I/Charlotte Am
TUPJ,Roadtown
TISX,St Croix I
SVMI,Maiquetia
SVCS,Charallave
SVFM,Caracas
SVMP,Caracas
SVHG,Higuerote
SVMG,Margarita
SVBC,Barcelona
SVCU,Cumana
SVVP,Valle De La Pascua
SVCL,Calabozo
SVST,San Tome
SVSR,San Fernando De Apure
SKPC,Puerto Carreno
TNCM,St Maarten I
TQPF,The Valley
TKPK,Saint Kitts I.
TKPN,Nevis I.
TAPA,St Johns
TFFC,Pointe-A- Pitre
TFFR,Pointe-A-Pitre
TDPD,Roseau
TDCF,Roseau
TFFF,Ft De France
TLPC,Castries
TLPL,Vieuxfort
TVSB,Bequia
TVSC,Canouan
TVSM,Mustique
TGPY,St Georges
TGPZ,Carriacou Is
TVSU,Union I.
SVCP,Carupano
SVGI,Guiria
TTPP,Port Of Spain
TTCP,Scarborough
SVMT,Maturin
SVCB,Ciudad Bolivar
SVPR,Ciudad Guayana
SVCN,Canaima
SVSE,Santa Elena De Uairen
SBBV,Boa Vista
SEST,San Cristobal
SEMT,Manta
SESA,Salinas
SEGU,Guayaquil
SERO,Santa Rosa
SECU,Cuenca
SPME,Tumbes
SECA,La Toma
SPUR,Piura
SPHI,Chiclayo
SPRU,Trujillo
SECO,Coca
SELT,Latacunga
SETR,Tarapoa
SESM,Shell Mera
SEMO,Montalvo
SEMC,Macas
SPST,Tarapoto
SPJR,Cajamarca
SPJC,Lima-Callao
SPLP,Lima
SPSO,Pisco
SKLG,Puerto Leguizamo
SPQT,Iquitos
SPCL,Pucallpa
SPHO,Ayacucho
SPZO,Cuzco
SPZA,Nazca
SPQU,Arequipa
SKLT,Leticia
SBRB,Rio Branco
SLCO,Cobija
SPTU,Puerto Maldonado
SPJL,Juliaca
SLAP,Apolo
SLCC,Copacabana
SLLP,La Paz
SPTN,Tacna
SCAR,Arica
SCDA,Iquique
SCCF,Calama
SBPV,Porto Velho
SLRI,Riberalta
SLJO,San Joaquin
SLMG,Magdalena
SLRA,San Ramon
SLSA,Santa Ana
SLRQ,Rurrenabaque
SLRY,Reyes
SLSB,San Borja
SLSM,San Ignacio De Moxos
SLTR,Trinidad
SLCB,Cochabamba
SLOR,Oruro
SLPO,Potosi
SLVG,Vallegrande
SLAL,Sucre
SLAG,Monteagudo
SLTJ,Tarija
SBEG,Manaus
SSZD,Porto Velho
SLAS,Ascencion De Guarayos
SLCP,Concepcion
SLJV,San Javier
SLSV,San Ignacio De Velasco
SLET,Santa Cruz
SLVR,Santa Cruz
SLJE,San Jose De Chiquitos
SLCA,Camiri
SLVM,Villamontes
SLYA,Yacuiba
SCER,Quintero
SCVM,Vina Del Mar
SCSN,Santo Domingo
SCIE,Concepcion
SCTO,Victoria
SCVD,Valdivia
SCJO,Osorno
SCTE,Puerto Montt
SCFA,Antofagasta
SCAT,Copiapo
SCCL,Caldera
SCSE,La Serena
SCOV,Ovalle
SANU,San Juan
SCEL,Santiago
SCTB,Santiago
SAME,Mendoza
SCRG,Rancagua
SAMR,San Rafael
SAMM,Malargue
SAZW,Cutral-Co
SAZN,Neuquen
SAZY,San Martin De Los Andes
SAZS,S C De Bariloche
SAVE,Esquel
SLBJ,Bermejo
SASJ,Jujuy
SASA,Salta
SANT,Tucuman
SANE,Santiago Del Estero
SANC,Catamarca
SANL,La Rioja
SACO,Cordoba
SAOD,Villa Dolores
SAOU,San Luis
SAOS,Valle Del Conlara
SAOR,Villa Reynolds
SAOC,Rio Cuarto
SAZG,General Pico
SAZR,Santa Rosa
SAVY,Puerto Madryn
SAVT,Trelew
SAAP,Parana
SAAV,Santa Fe
SAAR,Rosario
SAZF,Olavarria
SAZB,Bahia Blanca
SAVV,Viedma
SCCY,Coyhaique
SCBA,Balmaceda
SAWC,El Calafate
SAWP,Perito Moreno
SAWU,Santa Cruz
SAWG,Rio Gallegos
SCCI,Punta Arenas
SAWE,Rio Grande
SAWH,Ushuaia
SCGZ,Puerto Williams
SAVC,Comodoro Rivadavia
CYQX,Gander
CCC2,Winterland
LFVP,St Pierre I
CYYT,St John's
BGSF,Kangerlussuaq
LPCR,Corvo
LPFL,Flores
TBPB,Barbados
SYCJ,Georgetown
SMZO,Paramaribo
SMJP,Zandery
SOCA,Cayenne
SBMQ,Macapa
SBMN,Manaus
SLTI,San Matias
SLRB,Robore
SLPS,Puerto Suarez
SBSN,Santarem
SBCY,Cuiaba
SWLV,Santo Antonio Do Leverger
SBCG,Campo Grande
SSAY,Sitio Pouso Do Aviador
SSIE,Campo Grande
SSKG,Campo Grande
SBAN,Anapolis
SBGO,Goiania
SBDN,Presidente Prudente
SBBE,Belem
SBJC,Belem
SBPJ,Palmas
SBBR,Brasilia
SBUL,Uberlandia
SBUR,Uberaba
SBRP,Ribeirao Preto
SBYS,Piracununga
SBSL,Sao Luis
SBTE,Teresina
SBCF,Belo Horizonte
SBBH,Belo Horizonte
SBME,Macae
SBFZ,Fortaleza
SBSV,Salvador
SBPS,Porto Seguro
SBVT,Vitoria
SBNT,Natal
SBJP,Joao Pessoa
SBRF,Recife
SBMO,Maceio
SNML,Satuba
SBAR,Aracaju
SGCO,Concepcion
SGAS,Asuncion
SARF,Formosa
SARC,Corrientes
SARE,Resistencia
SATG,Goya
SATR,Reconquista
SARL,Paso De Los Libres
SUAG,Artigas
SAAC,Concordia
SUSO,Salto
SAAG,Gualeguaychu
SUDU,Durazno
SABE,Buenos Aires
SADF,San Fernando
SADJ,Mariano Moreno
SADM,Moron
SADP,Buenos Aires
SAEZ,Buenos Aires
SADL,La Plata
SUCA,Colonia
SUAA,Montevideo
SAAI,Punta Indio
SAZT,Tandil
SAZM,Mar Del Plata
SARI,Cataratas Del Iguazu
SBFI,Foz Do Iguacu
SGES,Ciudad Del Este
SARP,Posadas
SBSM,Santa Maria
SURV,Rivera
SUMO,Melo
SUMU,Montevideo
SULS,Maldonado
SBMG,Maringa
SBLO,Londrina
SBBI,Curitiba
SBCT,Curitiba
SBJV,Joinville
SBCO,Porto Alegre
SBPA,Porto Alegre
SBJD,Jundiai
SBKP,Campinas
SDCO,Sorocaba
SBGW,Guaratingueta
SBTA,Base De Aviacao De Taubate
SBGR,Sao Paulo
SBMT,Sao Paulo
SBSP,Sao Paulo
SBSJ,Sao Jose Dos Campos
SBNF,Navegantes
SBFL,Florianopolis
SBGL,Rio De Janeiro
SBJR,Rio De Janeiro
SBRJ,Rio De Janeiro
SBSC,Rio De Janeiro
SBES,Sao Pedro Da Aldeia
EGYP,Mount Pleasant
SFAL,Stanley
SCRM,Antartica Chilena
SAWB,Marambio
BIKF,Keflavik
BIKR,Saudarkrokur
BIRK,Reykjavik
BITN,Thorshofn
BIAR,Akureyri
EIDL,Donegal
EISG,Sligo
EIKN,Connaught
EIKY,Kerry
EINN,Shannon
EICK,Cork
EGPO,Stornoway
EGPL,Benbecula
EGPE,Inverness
EGAE,Derry
EGPF,Glasgow
EGPK,Prestwick
EGAA,Belfast
EGAC,Belfast
EGNS,Isle Of Man
EIDW,Dublin
EIME,Baldonnel
EIWT,Weston
EIWF,Waterford
EGOQ,Mona
EGOV,Valley
EGHC,Lands End
EGHE,Scilly Isles
EGDR,Culdrose
EGHQ,St Mawgan
LFRJ,Landivisiau
LFRB,Brest
LFRL,Lanveoc
LFRQ,Quimper
EGPB,Sumburgh
EGPA,Kirkwall
EGPC,Wick
EGQS,Lossiemouth
EGPD,Aberdeen
EGPN,Dundee
EGQL,Leuchars
EGPH,Edinburgh
EGNT,Newcastle
EGNH,Blackpool
EGNO,Warton
EGOW,Woodvale
EGNV,Durham Tees Valley
EGXE,Leeming
EGCN,Doncaster Sheffield
EGNM,Leeds Bradford
EGNJ,Humberside
EGGP,Liverpool
EGNR,Hawarden
EGCC,Manchester
EGOE,Ternhill
EGOS,Shawbury
EGWC,Cosford
EGBN,Nottingham
EGNX,Nottingham
EGXC,Coningsby
EGXW,Waddington
EGYD,Cranwell
EGYE,Barkston Heath
EGBB,Birmingham
EGTC,Cranfield
EGXT,Wittering
EGFF,Cardiff
EGSY,St Athan
EGBJ,Gloucestershire
EGGD,Bristol
EGDI,Merryfield
EGTE,Exeter
EGDY,Yeovilton
EGHG,Yeovil
EGTK,Oxford
EGUB,Benson
EGVA,Fairford
EGVN,Brize Norton
EGGW,London
EGLL,London
EGWU,Northolt
EGDM,Boscombe Down
EGHH,Bournemouth
EGHI,Southampton
EGVO,Odiham
EGVP,Middle Wallop
EGKA,Shoreham
EGKK,London
EGKR,Redhill
EGLF,Farnborough
EGJA,Alderney
EGJB,Guernsey
EGJJ,Jersey
LFRD,Dinard
LFEB,Dinan
LFRK,Caen
LFRN,Rennes
LFRH,Lorient
LFRZ,St Nazaire
LFRS,Nantes/Atlantique
LFBH,La Rochelle
LFBG,Cognac
LPHR,Horta
LPLA,Lajes
LPPD,Ponta Delgada
LPAZ,Santa Maria
LPPS,Porto Santo
LPMA,Madeira
GCLA,La Palma
GCXO,Tenerife-North
GCHI,Hierro
GCTS,Tenerife-South
GCLB,El Berriel
GCLP,Gran Canaria
GMMH,Dakhla
GCRR,Lanzarote
GCFV,Fuerteventura
GMML,Laayoune
LECO,A Coruna
LEST,Santiago
LEVX,Vigo
LPIN,Espinho
LPOV,Ovar
LPPR,Porto
LPMR,Monte Real
LPAR,Alverca
LPCS,Cascais
LPMT,Montijo
LPPT,Lisbon
LPST,Sintra
LPBJ,Beja
LPPM,Portimão
LPFR,Faro
GMMN,Casablanca
GMMI,Essaouira
GMMX,Marrakech
GMAD,Agadir
GMAT,Tan Tan
DAOF,Tindouf
LEAS,Oviedo
LELN,León
LEXJ,Santander
LEVD,Valladolid
LESA,Salamanca
LECU,Madrid
LECV,Madrid
LEBZ,Badajoz
LEZL,Seville
LEJR,Jerez
LERT,Rota
LETJ,Trebujena
LEMO,Seville
LEGR,Granada
LEMG,Malaga
GMTT,Tanger
LXGB,Gibraltar
GMTN,Tetouan
GMTA,Al Hoceima
GMME,Rabat
GMFF,Fes
GMMT,Casablanca
GMMD,Beni Mellal
GMFI,Ifrane
GMMZ,Ouarzazate
GMFK,Errachidia
GMAZ,Zagora
LFBC,Cazaux
LFBS,Biscarrosse
LFBD,Bordeaux
LFBY,Dax
LFBM,Mont-De-Marsan
LEBB,Bilbao
LEBG,Burgos
LELO,Logrono
LERJ,Logrono
LEVT,Vitoria
LESO,San Sebastián
LFBZ,Biarritz
LFBP,Pau/Pyrenees
LFBT,Tarbes
LEPP,Pamplona
LETP,Cerezo De Abajo
LEZG,Zaragoza
LEGT,Madrid
LEMD,Madrid
LETO,Madrid
LEOC,Ocana
LEVC,Valencia
LEAB,Albacete
LEAL,Alicante
LEMU,Muchamiel
LEGA,Granada
LEAM,Almeria
LEMI,Fuente-Alamo De Murcia
LERI,Murcia
LELC,Murcia
GEML,Melilla
DAOO,Oran
GMMW,Nador
GMFO,Oujda
DAON,Tlemcen
DAOR,Bechar
DAUA,Adrar
GVSV,Sao Pedro
GVAC,Sal
GVBA,Rabil
GQPP,Nouadhibou
GOBD,Pout
GOOY,Dakar
GBYD,Banjul
GOGG,Ziguinchor
GOGS,Cap Skiring
GGOV,Bissau
GAKD,Kayes
GUSB,Koundara
GULB,Labe
GUKR,Kamsar
GUSA,Boke
GUCY,Conakry
GFLL,Freetown
GABS,Bamako
GUFH,Faranah
GUXD,Kankan
GUMA,Macenta
GUNZ,Nzerekore
GLMR,Monrovia
GLRB,Monrovia
GAMB,Mopti
DFOO,Bobo-Dioulasso
DIBK,Bouake
DIYO,Yamoussoukro
DISP,San Pedro
DIAP,Abidjan
GATB,Tombouctou
GAGO,Gao
DFFD,Ouagadougou
DGLW,Wa
DGLE,Tamale
DGSN,Sunyani
DGSI,Kumasi
DGAA,Accra
DGTK,Takoradi
FHAW,Ascension I.
FHSH,St Helena
ENAN,Andenes
ENDU,Bardufoss
ENEV,Harstad-Narvik
ENTC,Tromso
ESNQ,Kiruna
ENAT,Alta
ENNA,Lakselv
EFKT,Kittila
ENKR,Kirkenes
EFIV,Ivalo
EGSC,Cambridge
EGUL,Lakenheath
EGUN,Mildenhall
EGYM,Marham
EGSH,Norwich
EGUW,Wattisham
EGKB,Biggin Hill
EGLC,London
EGMC,Southend
EGSG,Stapleford
EGSL,Andrewsfield
EGSR,Earls Colne
EGSS,London
EGMD,Lydd
EBFN,Koksijde
EBOS,Ostend-Brugge
LFAT,Le Touquet
LFRG,Deauville
LFOP,Rouen/Vallee De Seine
LFAQ,Albert
LFQT,Merville
LFQQ,Lille
LFOB,Beauvais
LFOE,Evreux
LFOJ,Orleans
LFPB,Paris
LFPG,Paris
LFPL,Lognes
LFPM,Melun
LFPN,Toussus-Le-Noble
LFPO,Paris
LFPT,Pontoise
LFPV,Villacoublay
LFPX,Chavenay
LFPZ,St Cyr-L'Ecole
LFPE,Meaux
LFOX,Etampes
LFOT,Tours
LFBI,Poitiers
LFEJ,Chateauroux
LFLX,Chateauroux
LFOA,Avord
LFBL,Limoges
LFSL,Saint-Pantaleon-De-Larche
LFLC,Clermont-Ferrand/Auvergn
ENBR,Bergen
ENHD,Haugesund
ENZV,Stavanger
EHKD,De Kooy
EHAM,Amsterdam
EHLE,Lelystad
EHLW,Leeuwarden
EHGG,Groningen
EHDL,Arnhem
EHRD,Rotterdam
EHWO,Woensdrecht
EHEH,Eindhoven
EHGR,Gilze-Rijen
EBAW,Antwerp
EBBR,Brussels
EBBE,Beauvechain
EBBL,Kleine-Brogel
EBLG,Liege
EHBD,Weert
EDLV,Niederrhein
EHVK,Volkel
EDLN,Monchengladbach
EHBK,Maastricht
ETNG,Geilenkirchen
EDDK,Cologne-Bonn
EDDL,Dusseldorf
ETNN,Norvenich
EBCI,Charleroi
EBCV,Chievres
EBFS,Florennes
EDRB,Bitburg
EDFH,Frankfurt-Hahn
ETAD,Spangdahlem
ETSB,Buchel
ELLX,Luxembourg
LFQE,Etain
LFOK,Chalons
LFSI,St Dizier
LFJL,Metz-Nancy/Lorraine
LFSO,Nancy
EDDR,Saarbrucken
LFQP,Phalsbourg
LFGA,Colmar
LFGN,Paray Le Monial
LFLN,St Yan
LFGJ,Dole
LFSX,Luxeuil
LFGB,Mulhouse
LSZG,Grenchen
LSGC,Les Eplatures
LSMP,Payerne
LSZB,Bern
LFLL,Lyon
LFLY,Lyon
LFXA,Amberieu
LFMH,St Etienne
LFLS,Grenoble
LFLP,Annecy
LSGG,Geneva
LSGS,Sion
LFLB,Chambery
LFLG,Grenoble
ENAL,Alesund
ENGM,Oslo
ENTO,Sandefjord
ENRY,Rygge
ENCN,Kristiansand
EKKA,Karup
EKYT,Aalborg
EKAH,Aarhus
EKBI,Billund
EDXW,Westerland/Sylt
EKSP,Vojens/Skrydstrup
ETNT,Wittmundhafen
EDXN,Nordholz-Spieka
ETMN,Nordholz
EDXC,Schleswig-Kropp
ETNH,Hohn
ETNS,Schleswig
EDDH,Hamburg
EDHI,Hamburg
EDHL,Lubeck
EDDW,Bremen
EDDG,Munster/Osnabruck
ETND,Diepholz
ETHB,Buckeburg
ETHS,Fassberg
EDDV,Hannover
EDVC,Celle
ETHC,Celle
ETNW,Wunstorf
EDVE,Braunschweig
EDLW,Dortmund
EDLP,Paderborn/Lippstadt
ETHF,Fritzlar
EDVK,Kassel
EDEM,Mosenberg
EDDE,Erfurt
ETOU,Wiesbaden
EDDF,Frankfurt/Main
ETAR,Ramstein
EDFM,Mannheim
ETHN,Niederstetten
EDDN,Nuremberg
EDQB,Bad Windsheim
ETEB,Ansbach
ETIK,Illesheim
EDSB,Karlsruhe/Baden-Baden
EDTB,Baden
LFST,Strasbourg
EDDS,Stuttgart
EDSW,Altdorf-Wallburg
EDTL,Lahr
EDTO,Offenburg
EDTY,Schwabisch Hall
ETSN,Neuburg
EDJA,Memmingen
ETHL,Laupheim
EDMA,Augsburg
ETHA,Altenstadt
ETSL,Lechfeld
LFSB,Basle-Mulhouse
LSMD,Dubendorf
LSZH,Zurich
LSMA,Alpnach
LSME,Emmen
LSMM,Meiringen
LSZC,Buochs
EDNY,Friedrichshafen
LSZR,St Gallen
LILG,Vergiate
LSZA,Lugano
LSZL,Locarno
LIMF,Torino
LIMC,Milan
LIML,Milan
LIMN,Cameri
LIME,Bergamo
LIPL,Ghedi
LIPO,Brescia
LIPX,Verona
ENOL,Orland
ENVA,Trondheim
ENKB,Kristiansund
ESKS,Sälen
ESOK,Karlstad
ESTF,Grebbestad
ESIB,Satenas
ESGP,Goteborg
ESGE,Boras
ESGG,Goteborg
ESGT,Trollhattan-Vanersborg
ESIA,Karlsborg
ESGJ,Jonkoping
ESMT,Halmstad
ESTA,Angelholm
ESMG,Ljungby
ESMX,Vaxjo
EKRK,Copenhagen
EKCH,Copenhagen
ESTL,Ljungbyhed
ESMK,Kristianstad
ESMS,Malmo
EKRN,Bornholm
EDBP,Pinnow
ETNL,Laage
EDAH,Heringsdorf
EPSC,Szczecin
EDDB,Berlin
EDDT,Berlin
EDDP,Leipzig
ETSH,Holzdorf
EDDC,Dresden
EDQM,Hof-Plauen
LKKV,Karlovy Vary
ETIC,Grafenwohr
LKKB,Kbely
LKPR,Prague
LKVO,Vodochody
ETIH,Hohenfels
ETSI,Ingolstadt
EDDM,Munich
EDMO,Oberpfaffenhofen
LOWL,Linz
LOWI,Innsbruck
LOWS,Salzburg
LOXA,Worschach
LOXZ,Zeltweg
LOWK,Klagenfurt
LIPA,Aviano
LIPI,Rivolto
LIPS,Treviso
LIPH,Treviso
LIPZ,Venice
LIPQ,Trieste
LJLJ,Ljubljana
LJPZ,Portoroz
LDRG,Grobnik
LDRI,Krk Island
ENBO,Bodo
ESNZ,Ostersund
ESSD,Borlange
ESOE,Orebro
ESOW,Stockholm
ESCM,Uppsala
ESSA,Stockholm
ESSB,Stockholm
ESCF,Linkoping
ESSL,Linkoping
ESSP,Norrkoping
ESKN,Stockholm
ESSV,Visby
ESDF,Ronneby
ESMQ,Kalmar
EPDA,Darlowo
EPSN,Swidwin
EPCE,Cewice
EPGD,Gdansk
EPOK,Oksywie
EPPR,Pruszcz Gdanski
EPMI,Miroslawiec
EPZG,Zielona Gora
EPPO,Poznan
EPBY,Bydgoszcz
EPIR,Inowroclaw
EPSL,Solec Kujawski
EPKS,Poznan
EPZE,Zerniki
EPPW,Powidz
EPWR,Wroclaw
LKCV,Caslav
LKPD,Pardubice
LKMT,Ostrava
LZZI,Zilina
LKNA,Namest
LKTB,Brno
LOWW,Vienna
LOXN,Wien
LOXT,Tulln
LKKU,Kunovice
LZPP,Piestany
LZIB,Bratislava
LZMC,Malacky
LZTR,Trnava
LJMB,Maribor
LOWG,Graz
LHPA,Papa
LHSM,Sarmellek
LDZL,Zagreb
LJCE,Cerklje
LDZA,Zagreb
LDZR,Zagreb
LDOC,Osijek
ESUG,Gargnas
ESNN,Sundsvall-Harnosand
EFPO,Pori
EFTU,Turku
EFMA,Mariehamn
UMKK,Kaliningrad
EYPA,Palanga
EPMB,Malbork
EPSY,Szczytno
EPMO,Modlin
EPWA,Warsaw
EPMM,Minsk Mazowiecki
EPLK,Lask
EPLL,Lodz
EPTM,Spala Glinnik Nowy
EPDE,Deblin
EPKT,Katowice
EPKK,Krakow
EPRJ,Rzeszow
EPRZ,Rzeszow
LZOC,"Hrochot,Slovakia"
LZSL,Sliac
LZTT,Poprad
LZDN,Dobra Niva
LZKZ,Kosice
LZPW,Presov
LZRY,Sabinov
UKLU,Uzhhorod
LHBP,Budapest
LHSN,Szolnok
LHKE,Kecskemet
LHDC,Debrecen
LROD,Oradea
LDOS,Osijek
LRAR,Arad
LRTR,Timisoara
LYVR,Vrsac
ESNJ,Jokkmokk
ESNX,Arvidsjaur
ESPE,Vidsel
ESPA,Lulea
ESNO,Ornskoldsvik
ESNU,Umea
ESNS,Skelleftea
EFVA,Vaasa
EFTP,Tampere
EFHA,Halli
EEEI,Amari
EFHF,Helsinki
EFHK,Helsinki
EETN,Tallinn
EVRA,Riga
EVGA,Lielvarde
EYSA,Siauliai
EYSB,Barysiai
EYKA,Kaunas
EYKS,S Dariaus
UMMG,Grodno
EYVI,Vilnius
UMBB,Brest
UKLL,L'Viv
UKLI,Ivano-Frankivs'k
LRSM,Satu Mare
LRBM,Baia Mare
LRCL,Cluj-Napoca
LRTM,Targu Mures
LRCD,Cisnadie
LRSB,Sibiu
LRBV,Braè™Ov (Ghimbav)
EFRO,Rovaniemi
EFKE,Kemi
EFOU,Oulu
EFKK,Kokkola-Pietarsaari
EFKA,Kauhava
EFME,Menkijarvi
EFJY,Jyvaskyla
EFUT,Utti
EFLP,Lappeenranta
ULOO,Pskov
UMMS,Minsk
LUBM,Markuleshty
LRSV,Suceava
LRIA,Iasi
LRBC,Bacau
LUKK,Chisinau
LRTC,Tulcea
EFKS,Kuusamo
EFKU,Kuopio
EFJO,Joensuu
LFBE,Bergerac
LFBA,Agen
LFBO,Toulouse
LFCR,Rodez
LFBR,Muret
LFCL,Toulouse
LFMK,Carcassonne
LFMU,Beziers
LFMP,Perpignan
LERS,Reus
LEGE,Girona
LELL,Sabadell
LEBL,Barcelona
LECH,Benlloch
LEPA,Palma De Mallorca
LEIB,Ibiza
DAAG,Algiers
DAOI,Ech-Cheliff
DAOV,Ghriss
DAOB,Tiaret
DAUE,El Golea
DAUT,Timimoun
DAUI,In Salah
LFTW,Nimes
LFMO,Orange
LFMV,Avignon
LFMY,Salon
LFMN,Nice/Cote D'Azur
LFMT,Montpellier / Mediterranee
LFMA,Aix
LFMI,Istres
LFML,Marseille/Provence
LFMC,Le Luc
LFTF,Cuers
LFTH,Hyeres
LFMD,Cannes
LEMH,Menorca
LESL,San Luis
DAAE,Bejaia
DAAV,Jijel
DAAS,Setif Ain Arnat
DAAD,Bou Saada
DABC,Constantine
DABT,Batna
DAUB,Biskra
DAUG,Ghardaia
DAUK,Touggourt
DAUO,El Oued
DAUU,Ouargla
DAUH,Hassi Messaoud
DAAT,Tamanrasset
LIMZ,Cuneo
LIMJ,Genoa
LIMP,Parma
LIMS,Piacenza
LIQW,Sarzana
LIRP,Pisa
LIRQ,Florence
LFKC,Calvi
LFKB,Bastia
LIRS,Grosseto
LFKF,Figari/Sud Corse
LFKJ,Ajaccio
LFKS,Solenzara
LIEO,Olbia
LIEA,Alghero
LIED,Decimomannu
LIEE,Cagliari
DABB,Annaba
DTKA,Tabarka
DTTA,Tunis
DTTI,Borj El Amri
DABS,Tebessa
DTMB,Monastir
DTTZ,Tozeur
DTTF,Gafsa
DTTX,Sfax
DTTJ,Djerba
DTTG,Gabes
HLTD,Ghadames
DAAP,Illizi
DAUZ,Zarzaitine
HLGT,Ghat
DAAJ,Djanet
LIPE,Bologna
LIPK,Forli
LIPC,Cervia
LIPR,Rimini
LDPL,Pula
LDLO,Losinj Island
LIPY,Ancona
LIRZ,Perugia
LIRV,Viterbo
LIBP,Pescara
LIRA,Rome
LIRE,Pratica Di Mare
LIRF,Rome
LIRG,Guidonia
LIRL,Latina
LIRU,Rome
LIRH,Frosinone
LIRM,Grazzanise
LIRN,Naples
LICJ,Palermo
LICT,Trapani
LICG,Pantelleria
LICZ,Catania
LICD,Lampedusa
LMML,Malta
HLZW,Zwara
HLLM,Tripoli
HLLT,Tripoli
HLZN,Az Zintan
HLLS,Sebha
HLUB,Ubari
LDZD,Zadar
LQBK,Banja Luka
LQTZ,Tuzla
LQSA,Sarajevo
LDSB,Brac
LDSP,Split
LQMO,Mostar
LDDU,Dubrovnik
LYTV,Tivat
LIBA,Amendola
LIBD,Bari
LIBG,Taranto
LIBV,Gioia Del Colle
LIBN,Lecce
LIBR,Brindisi
LICA,Lamezia
LICR,Reggio Calabria
LICC,Catania
HLMS,Misurata
HLGD,Sirte
LYBE,Belgrade
LYBT,Batajnica
LYPG,Podgorica
LYNI,Nis
BKPR,Pristina
LATI,Tirana
LWSK,Skopje
LWOH,Ohrid
LGKR,Kerkira
LGAX,Alexandria
LGIO,Ioannina
LGLR,Larisa
LGKF,Kefallinia
LGPZ,Preveza
LGRX,Araxos
LGAD,Andravida
LGZA,Zakinthos
LGKL,Kalamata
HLLQ,El Beida
HLLB,Benghazi
HLMB,Marsa Brega
LRCV,Craiova
LRBS,Bucharest
LROP,Bucharest
LBRS,Ruse
LBSF,Sofia
LBLS,Elin Pelin
LBGO,Gorna Oryahovitsa
LBPD,Plovdiv
LGKV,Kavala
LGAL,Alexandroupolis
LGTS,Thessaloniki
LGSV,Stefanovikion
LGLM,Limnos
LGBL,Nea Anchialos
LGSK,Skiathos
LGMG,Megara
LGEL,Elefsis
LGKN,Marathon
LGTG,Tanagra
LGTT,Dekelia
LGSY,Skiros
LGHI,Chios
LGAV,Athens
LGMK,Mykonos
LGSA,Chania
LGSR,Santorini
LGIR,Iraklion
LGTL,Kasteli
HLTQ,Gamal Abd El Nasser
HLKF,Kufra
LRFT,Fetesti
LRCK,Constanta
LBWN,Varna
LBBG,Burgas
LTBU,Tekirdag
LTBA,Istanbul
LTBW,Istanbul
LTFM,Istanbul
LTBX,Istanbul
LTFJ,Istanbul
LTBH,Canakkale
LTBG,Balikesir
LTFD,Balikesir
LTBF,Balikesir
LTBP,Yalova
LTBR,Bursa
LGMT,Mitilini
LTBT,Akhisar
LTBJ,Izmir
LTBK,Izmir
LTBL,Izmir
LTFA,Izmir
LTBO,Usak
LGSM,Samos
LTBD,Aydin
LTFB,Izmir
LGKO,Kos
LTBV,Bodrum
LTFE,Milas
LTAY,Denizli
LTBS,Mugla
LGRP,Rodos
HEMM,Mersa Matruh
HEAX,Alexandria
HEBA,Alexandria
DATM,Bordj Mokhtar
GATS,Tessalit
DRRN,Niamey
DXNG,Niamtougou
DGAH,Ho
DXXX,Lome
DBBB,Cotonou
DNMM,Lagos
DATG,In Guezzam
DNSO,Sokoto
DNKA,Kaduna
DNIL,Ilorin
DNMN,Minna
DNAA,Abuja
DNIB,Ibadan
DNAK,Akure
DNBE,Benin
DNAN,Umueri
DNAS,Asaba
DNES,Escravos
DNFD,Forcados
DNBY,Amassoma
DNIM,Owerri Imo
DNPO,Port Harcourt
DNFB,Bonny
FPST,Sao Tome
DRZA,Agades
DRZR,Zinder
DNKT,Katsina
DNKN,Kano
DNDS,Dutse
DNZA,Zaria
DNBC,Bauchi
DNJO,Jos
DNMK,Makurdi
DNEN,Enugu
DNCA,Calabar
DNAI,Uyo
FGSL,Malabo
FKKD,Douala
FGBT,Bata
FGMY,Mongomeyen
FOOL,Libreville
DNMA,Maiduguri
FKKL,Maroua
DNYO,Yola
FKKR,Garoua
FKKN,N'Gaoundere
FKYS,Yaounde
FTTJ,N'Djamena
FTTD,Moundou
FTTA,Sarh
FEFF,Bangui
FZEA,Mbandaka
FTTC,Abeche
FZFD,Gbadolite
FZFK,Gemena
HSFS,El Fashir
HSNN,Nyala
FZKJ,Buta-Zega
FZIC,Kisangani
HSLI,Kadugli
FOOG,Port Gentil
FOON,Franceville
FCPP,Pointe Noire
FNCA,Cabinda
FNBJ,Luanda
FNLU,Luanda
FNCT,Catumbela
FNUB,Lubango
FCBB,Brazzaville
FZAA,Kinshasa
FZAB,Kinshasa
FYOA,Ondangwa
FYWH,Windhoek
FZUA,Kananga
FBGZ,Ghanzi
FZOA,Kindu
FZWA,Mbuji-Mayi
FZQM,Kolwezi
FYKM,Katima Mulilo
FBKE,Kasane
FLHN,Livingstone
FVFA,Victoria Falls
FBPM,Pandamatenga
FBMN,Maun
FBOR,Orapa
FZNA,Goma
HRYG,Gisenyi
FZMA,Bukavu
HRZA,Kamembe
HBBA,Bujumbura
HTKA,Kigoma
FZRF,Kalemie
FZQA,Lubumbashi
FLSW,Solwezi
FLSK,Ndola
FLKK,Lusaka
FVKB,Kariba
FVJN,Bulawayo
FBLV,Limpopo Valley
FYWB,Walvis Bay
FYWE,Windhoek
FYLZ,Luderitz
FALW,Langebaanweg
FACT,Cape Town
FAYP,Ysterplaat
FAUP,Upington
FAOB,Overberg
FAGG,George
FBJW,Jwaneng
FBSK,Gaborone
FAMM,Mafikeng
FAKM,Kimberley
FAPE,Port Elizabeth
FALM,Makhado
FAPP,Polokwane
FAPN,Pilanesberg
FALA,Lanseria
FAGC,Grand Central
FAWB,Pretoria
FAWK,Waterkloof
FAGM,Johannesburg
FAOR,Johannesburg
FASC,Secunda
FAWM,Welkom
FABL,Bloemfontein
FXMM,Maseru
FXMU,Maseru
FAUT,Umtata
FAEL,East London
ULMM,Murmansk
ULLI,St Petersburg
UMII,Vitebsk
UMOO,Mogilev
UMGG,Gomel
UKBB,Kyiv
UKKK,Kyiv
UKKM,Kyiv
UKOO,Odesa
UUEE,Moscow
UUWW,Moscow
UUBP,Bryansk
UUOK,Kursk
UUOB,Belgorod
UKHH,Kharkiv
UKDD,Dnipropetrovs'k
UKDE,Zaporizhzhia
URKA,Anapa
ULAS,Rabocheostrovsk
ULPB,Petrozavodsk
UUDL,Yaroslavl
UUDD,Moscow
UUOO,Voronezh
URRP,Grushevskaya
URKK,Krasnodar
ULAA,Arkhangelsk
UWGG,Nizhny Novgorod
URWW,Volgograd
URMT,Stavropol
URWI,Elista
UWKS,Cheboksary
UWSG,Saratov
URWA,Astrakhan
UUYY,Syktyvkar
UWKD,Kazan
UWKE,Begishevo
UWLW,Ulyanovsk
UWWW,Samara
UARR,Uralsk
UATG,Atyrau
USPP,Perm
UWUU,Ufa
UWOO,Orenburg
UATZ,Tengiz
USCM,Magnitogorsk
UWOR,Orsk
UATT,Aktyubinsk
LTAS,Zonguldak
LTBQ,Izmit
LTBI,Eskisehir
LTBN,Kutahya
LTBY,Eskisehir
LTAV,Sivrihisar
LTAE,Ankara
LTAC,Ankara
LTAB,Ankara
LTAD,Ankara
LTAH,Afyon
LTAN,Konya
LTFC,Isparta
LTFN,Isparta
LTAI,Antalya
LCPH,Pafos
LCLK,Larnaca
LCRA,Akrotiri
HEPS,Port Said
HEOC,6th Of October
HESX,Sadat City
HEAZ,Almaza
HECA,Cairo
HECP,Cairo
HETR,El Tor
HEAT,Asyut
HEKG,El Kharga
HELX,Luxor
HESN,Aswan
LTCM,Sinop
LTAL,Kastamonu
LTAP,Amasya
LTFH,Samsun
LTAW,Tokat
LTAR,Sivas
LTAZ,Nevsehir
LTAU,Kayseri
LTDB,Bor
LTAF,Adana
LTAG,Adana
LTCN,Kahramanmaras
LTAJ,Gaziantep
OSAP,Aleppo
OSLK,Latakia
OLBA,Beirut
OLKA,Kleyate
OLRA,Rayak
LLHA,Haifa
OSDI,Damascus
LLBG,Tel Aviv
HEAR,El Arish
HEGR,El Gora
OJAI,Amman
OJAM,Amman
OJMS,Azraq
HETB,Taba
LLER,Eilat
OJAQ,Aqaba
HESC,St Catherine
OETB,Tabuk
HESH,Sharm El Sheikh
OENN,Duba
HEGN,Hurghada
HEMA,Marsa Alam
HEBR,Bernice
URSS,Sochi
LTCG,Trabzon
LTFO,Rize-Artvin
LTCD,Erzincan
LTCE,Erzurum
LTAT,Malatya
LTCA,Elazig
LTCP,Adiyaman
LTCC,Diyarbakir
LTCJ,Batman
OSKL,Kamishly
LTCR,Mardin
OSDZ,Deir Zzor
OSPR,Palmyra
OESK,Al Jouf
OEYN,Yenbo
OEMA,Madinah
URMM,Mineralnyye Vody
URMN,Nalchik
URMO,Vladikavkaz
UGSB,Batumi
UGKO,Kutaisi
UGTB,Tbilisi
LTCF,Kars
UDSG,Gyumri
UDYZ,Yerevan
LTCK,Mus
LTCL,Siirt
LTCI,Van
LTCW,Hakkari
ORBM,Mosul
ORBR,Bashur
ORKK,Kirkuk Ab
ORAA,Al Asad Ab
ORBI,Baghdad
OEHL,Hail
OEGS,Gassim
URML,Makhachkala
UGGT,Telavi
UBBG,Gyandzha
UBEE,Yevlakh
UBBF,Fuzuli
UBBN,Nakhchivan
UBBZ,Zangilan
OITT,Tabriz
OITL,Ardabil
OITR,Uromiyeh
OICS,Sanandaj
OIHS,Hamadan
OIHH,Hamadan
OICC,Kermanshah
OIAD,Dezful
ORMM,Basrah
OIAA,Abadan
OKDI,Udairi Aaf
OKAJ,Ahmed Al Jaber Ab
OKAS,Ali Al Salem
OKKK,Kuwait
OEKF,Al-Majmaah
OERK,Riyadh
OEKA,Riyadh
OEPS,Al Kharj
UATE,Aktau
UBBB,Baku
OIGG,Rasht
OINN,Noshahr
OINR,Ramsar
OIIE,Tehran
OIII,Tehran
OIFH,Esfahan
OIFM,Esfahan
OIFP,Esfahan
OIAI,Masjed Soleiman
OIAW,Ahwaz
OIFS,Shahre Kord
OIAJ,Omidiyeh
OIBB,Bushehr
OEJB,Jubail
OEJL,King Abdulaziz Naval Base
OEDF,Dammam
OEDR,Dhahran
OBBS,Bahrain
OBBI,Bahrain
OEAH,Al Ahsa
OTBH,Al-Udaid
OTBD,Doha
UTAK,Turkmenbashi
OINZ,Sari
OING,Gorgan
OIYR,Mehriz
OISS,Shiraz
OISL,Lar
OIKP,Bandar Abbass
OIBK,Kish Island
OOKB,Khasab
OMRK,Ras Al Khaimah
OMSJ,Sharjah
OMBY,Yas Island
OMDB,Dubai
OMAA,Abu Dhabi
OMAD,Abu Dhabi
OMAL,Al Ain
UTNN,Nukus
UTAT,Dashoguz
UTAA,Ashgabat
OIMM,Mashhad
OIKK,Kerman
OIKB,Bandar Abbass
OMFJ,Fujairah
OOMS,Muscat
HEBL,Abu Simbel
HSDN,Dongola
HSSK,Khartoum
HSOB,El Obeid
HJJJ,Juba
FZKA,Bunia
HUSO,Soroti
HUEN,Entebbe
HSPN,Port Sudan
HSAT,Atbara
HSKA,Kassala
HSDZ,Damazin
HAGN,Gonder
HABD,Bahir Dar
HASO,Asosa
HAGM,Gambella
HAJM,Jimma
HKLK,Lokichogio
HKEL,Eldoret
OEJF,King Faisal Naval Base
OEJN,Jeddah
OETF,Taif
HHMS,Massawa
HHAS,Asmara
HAAX,Axum
HAMK,Mekele
HALL,Lalibella
HADC,Dessie
HAAB,Addis Ababa
HALA,Hawassa
HAGB,Goba
HAAM,Arba Minch
HKWJ,Wajir
OEBA,Al Baha
OEBH,Bisha
OEKM,Khamis Mushait
OEAB,Abha
OEGN,Jazan
OENG,Nejran
OYBQ,Al-Bough
OYSN,Sanaa
OYHD,Hodeidah
HHSB,Assab
OYTZ,Taiz
HDAM,Djibouti
HCMI,Berbera
HADR,Dire Dawa
HAJJ,Jijiga
HCMH,Egal
HAGO,Gode
HCGR,Garbahaarrey
OYAT,Ataq
OYAA,Aden
HCMR,Galcaio
HCMM,Mogadishu
OYSY,Sayun
OYGD,Al-Ghaidah
OYRN,Mukalla
HCMF,Bosaso
OOTH,Thumrait
OOSA,Salalah
OYSQ,Socotra
HRYR,Kigali
HTMW,Mwanza
HTTB,Tabora
FLMF,Mfuwe
FQTT,Tete
FVCP,Harare
FVRG,Harare
FVMV,Masvingo
FVCZ,Chiredzi
HKKI,Kisumu
HKNL,Nanyuki
HKJK,Nairobi
HKNW,Nairobi
HKRE,Nairobi
HTAR,Arusha
HTKJ,Kilimanjaro
HTDO,Dodoma
HTIR,Iringa
HTSO,Songea
FQLC,Lichinga
FWKI,Lilongwe
FWCL,Blantyre
FQQL,Quelimane
FQBR,Beira
HKLU,Lamu/Manda
HKM1,Manda Bay
HKML,Malindi
HKMO,Mombasa
HTTG,Tanga
HTPE,Pemba
HTZA,Zanzibar
HTDA,Dar-Es-Salaam
HTMT,Mtwara
FQPB,Pemba
FQNP,Nampula
FQNC,Nacala
HCMK,Kisimayu
FMCH,Moroni
FMCI,Moheli
FMCV,Anjouan
FMCZ,Dzaoudzi
FMNN,Nosy-Be
FMNM,Mahajanga
FMMI,Antananarivo
FMMT,Toamasina
FSIA,Seychelles
FSPP,Praslin
FMEE,St Denis
FIMA,Agalã©Ga North Island
FIMP,Mauritius
FAHS,Hoedspruit
FANS,Nelspruit
FAKN,Kruger Mpumalanga
FDMS,Manzini
FQMA,Maputo
FARB,Richards Bay
FAPM,Pietermaritzburg
FAVG,Durban
UOOO,Norilsk
USSS,Yekaterinburg
USCC,Chelyabinsk
UAUU,Kostanay
USTR,Tyumen
USUU,Kurgan
UAAL,Arkalyk
USDD,Salekhard
USHH,Khanty-Mansiysk
UACP,Petropavlovsk South
UACK,Kokchetav Trofimovka
UAKD,Zhezkazgan
USRR,Surgut
UNOO,Omsk
UACC,Nur-Sultan
UAKK,Karaganda
USMM,Nadym
USRK,Kogalym
USNN,Nizhnevartovsk
UASP,Pavlodar
UAAH,Balkhash
UMIO,Mikhaylovskoye
UASS,Semipalatinsk
UASK,Ust-Kamenogorsk
UNTT,Tomsk
UNNT,Novosibirsk
UNEE,Kemerovo
UNBB,Barnaul
UASZ,Zaisan
UNWW,Prokopyevsk
UOTT,Turukhansk
UTNU,Urgench
UTAV,Turkmenabat
UTAM,Mary
OAQN,Qala-I-Naw
OAHR,Herat
OASD,Shindand
OIZH,Zahedan
OIZC,Chah Bahar
OPTU,Turbat
OPGD,Gwadar
OPPI,Pasni
UTSB,Bukhara
UTSS,Samarkand
UTSK,Karshi South
UTST,Termez
OAMS,Mazar-I-Sharif
OAZI,Bastion
OPQT,Quetta
OPDB,Dalbandin
OPPG,Panjgur
OPKC,Karachi
UAIT,Turkistan
UAII,Shymkent
UTTT,Tashkent
UTTC,Chirchik
UTDL,Khudzhand
UTDD,Dushanbe
UTDK,Kulob
OAKB,Kabul
OPPC,Parachinar
OPBN,Bannu
OPDI,Dera Ismail Khan
OPZB,Zhob
OPDG,Dera Ghazi Khan
OPRK,Rahim Yar Khan
OPSK,Sukkur
OPMJ,Moenjodaro
VIJR,Jaisalmer
OPNH,Nawabshah
OPKD,Hyderabad
VABJ,Bhuj
VAKE,Kandla
VAMA,Mundra
UADD,Taraz
UCFM,Bishkek
UTFN,Namangan
UASU,Suzak
UTFF,Fergana
UCFO,Osh
UTFA,Andizhan
OPCH,Chitral
OPGT,Gilgit
OPSS,Saidu Sharif
OPPS,Peshawar
OPRT,Rawalakot
VISR,Srinagar
VIJU,Jammu
OPFA,Faisalabad
VIAR,Amritsar
OPLA,Lahore
OPMT,Multan
VIBT,Bhatinda
OPBW,Bahawalpur
VIJO,Jodhpur
VIUT,Uttarlai
VIKG,Kishangarh
VAUD,Udaipur
VAAH,Ahmedabad
UAAA,Almaty
UAAR,Burunday
ZWSH,Kashi
OPSD,Skardu
VILH,Leh
VIUX,Udhampur
VIPK,Pathankot
VIGG,Gaggal
VIAX,Adampur
VIBR,Kullu Manali
VISM,Shimla
VICG,Chandigarh
VILD,Ludhiana
VISX,Sirsa
VISP,Sarsawa
VIDN,Dehradun
VIDD,Delhi
VIDP,New Delhi
VIDX,Hindon
VIJP,Jaipur
VIAG,Agra
VIGR,Gwalior
VIKO,Kota
VAID,Indore
VABP,Bhopal
ZWTN,Hotan
VIPT,Pantnagar
VIBY,Bareilly
VNDH,Dhangadhi
VNSK,Surkhet
VNNG,Nepalgunj
VILK,Lucknow
VEAY,Ayodhya
VECX,Kanpur
VEAB,Allahabad
VEKO,Khajuraho
VAJB,Jabalpur
VNPK,Pokhara
VNPR,Pokhara
VNBW,Bhairahawa
VEGK,Gorakhpur
VEKI,Kushinagar
VNBP,Bharatpur
VNKT,Kathmandu
VNSI,Simara
VEBN,Varanasi
VEDH,Darbhanga
VNJP,Janakpur
VEPT,Patna
VEGY,Gaya
VERC,Ranchi
VEJS,Jamshedpur
ZWWW,Urumqi
VNTR,Tumlingtar
VQPR,Paro
VNRB,Rajbiraj
VNCG,Chandragadhi
VNVT,Biratnagar
VEBD,Baghdogra
VEHX,Hashimara
VERU,Rupsi
VGSD,Saidpur
VEDO,Deoghar
VGRJ,Rajshahi
VEPH,Panagarh
VECC,Kolkata
VGJR,Jessore
VAJM,Jamnagar
VAHS,Rajkot
VAKS,Keshod
VAPR,Porbandar
VADU,Diu
VABV,Bhavnagar
VASU,Surat
VABO,Vadodara
VADN,Daman
VAOZ,Ozar
VASD,Shirdi
VABB,Mumbai
VAJJ,Mumbai
VAPO,Pune
VAKP,Kolhapur
VOGA,Goa
VOSR,Sindhudurg
VOBM,Belgaum
VOML,Mangalore
VOAT,Agatti
VRMH,Hanimaadhoo Island
VRDA,Maafaru Island
VRMD,Dharavandhoo
VRMV,Maamigili Island
VRMM,Male
VRMK,Kadhdhoo Island
VRMT,Kaadedhdhoo Island
VRMO,Kooddoo Island
VAJL,Jalgaon
VAAU,Aurangabad
VOND,Nander
VOBR,Bidar
VOGB,Kalaburagi
VOHY,Hyderabad
VOKU,Kurnool
VOHB,Hubli
VOJV,Jindal Vijayanagar
VOPN,Prasanthinilayam
VOSH,Shivamogga
VOBG,Bangalore
VOMY,Mysore
VOKN,Kannur
VOSM,Salem
VOCL,Calicut
VOCI,Cochin
VOCB,Coimbatore
VOSX,Sulur
VOTR,Tiruchirappalli
VOMD,Madurai
VOTV,Thiruvananthapuram
VOTK,Tuticorin Southwest
VANP,Nagpur
VEBU,Bilaspur
VERP,Raipur
VEJR,Jagdalpur
VORY,Rajahmundry
VOBZ,Vijayawada
VOCP,Cuddapah
VOTP,Tirupati
VOMM,Chennai
VOPC,Puduchery
VOTJ,Tanjore
VCCJ,Kankesanturai
VCCV,Vavuniya
VCCT,Trincomalee
VCCA,Anuradhapura
VCBI,Katunayake
VCCH,Minneriya
VCCS,Sigiriya
VCCB,Batticaloa
VCCG,Gal Oya
VCCC,Ratmalana
VCCN,Katukurunda
VCCK,Koggala
VCCW,Wirawila
VEJH,Jharsuguda
VERK,Rourkela
VEBS,Bhubaneshwar
VOVZ,Vishakhapatnam
FIMR,Rodrigues
VRMG,Gan Island
VRMR,Fuvahmulah Island
FJDG,Diego Garcia
UOHH,Khatanga
UNKL,Krasnoyarsk
UNAA,Abakan
UTAE,Taseyevo
UIBB,Bratsk
UIII,Irkutsk
UIUU,Ulan-Ude
ZMUB,Ulaanbaatar
ZMCK,Ulaanbaatar
UERP,Poliarny
UIAA,Chita
UERR,Mirny
ZBLA,Hailar
VQBT,Bumthang
VQTY,Trashigang
VEHO,Itanagar
VEGT,Guwahati
VETZ,Tezpur
VEBI,Barapani
VGSY,Sylhet
VEKU,Silchar
VGHS,Dhaka
VGTJ,Dhaka
VEAT,Agartala
VGCM,Comilla
VGBR,Barisal
VELP,Lengpui
VYFS,Falam
VECA,Chabua
VEMN,Dibrugarh
VEJT,Jorhat
VELR,North Lakhimpur
VETJ,Tezu
VYPT,Putao
VEMR,Dimapur
VYKI,Kanti
VYMK,Myitkyina
VEIM,Imphal
VYHL,Hommalin
VYBM,Banmaw
VYKL,Kalay
VYMO,Momeik
ZPMS,Dehong
VYLS,Lashio
ZLLL,Lanzhou
ZUUU,Chengdu
ZUTF,Chengdu
ZUXC,Xichang
ZPPP,Kunming
ZLXY,Xi'An
ZUCK,Chongqing
ZGNN,Nanning
ZBHH,Hohhot
ZLYL,Yulin
ZGDY,Zhangjiajie
ZGKL,Guilin
ZBSJ,Shijiazhuang
ZBYN,Taiyuan
ZHCC,Zhengzhou
ZHHH,Wuhan
ZHEC,Ezhou
ZGHA,Changsha
ZSCN,Nanchang
ZGGG,Guangzhou
ZGSZ,Shenzhen
ZBAA,Beijing
ZBAD,Beijing
ZBTJ,Tianjin
ZSJN,Jinan
ZSLY,Linyi
ZSLG,Lianyungang
ZSOF,Hefei
ZSNJ,Nanjing
ZSCG,Changzhou
RCFG,Matsu
ZSFZ,Fuzhou
RCBS,Kinmen
ZSAM,Xiamen
ZGOW,Jieyang
RCQC,Magong
RCWA,Wang-An
VGEG,Chittagong
VGCB,Cox's Bazar
VYSW,Sittwe
VYKP,Kyaukpyu
VYMN,Manaung
VOPB,Port Blair
VOCX,Car Nicobar
VYMY,Monywar
VYKU,Kyauktu
VYBG,Bagan
VYPU,Pakhokku
VYAS,Anisakan
VYCZ,Mandalay
VYMD,Mandalay
VYAN,Ann
VYMW,Magway
VYML,Meiktila
VYHH,Heho
VYLK,Loikaw
VYTD,Thandwe
VYYY,Yangon
VYPN,Pathein
WITT,Banda Aceh
ZPJH,Xishuangbanna
VYKG,Kengtung
VYMS,Mong-Hsat
VYTL,Tachilek
VTCT,Chiang Rai
VTCH,Mae Hong Son
VTCC,Chiang Mai
VTCN,Nan
VYPA,Hpa-An
VTPT,Tak
VTPY,Tak
VTCL,Lampang
VTCP,Phrae
VTPO,Sukhothai
VYMM,Mawlamyine
VTPM,Tak
VTPP,Phitsanulok
VTPB,Phetchabun
VTPN,Nakhon Sawan
VYDW,Dawei
VTPI,Nakhon Sawan
VTBH,Lop Buri
VTBL,Lop Buri
VTBK,Nakhon Pathom
VTPR,Ratchaburi
VTBD,Bangkok
VTBT,Chon Buri
VTBU,Rayong
VYME,Myeik
VTPH,Prachuap Khiri Khan
VTBP,Prachuap Khiri Khan
VTSE,Chumphon
VYKT,Kawthoung
VTSR,Ranong
VTSB,Surat Thani
VTSM,Surat Thani
VTSF,Nakhon Si Thammarat
VTSN,Nakhon Si Thammarat
VTSP,Phuket
VTSG,Krabi
VTST,Trang
VTSH,Songkhla
WMKL,Langkawi I.
VTSK,Pattani
VTSS,Songkhla
VTSY,Yala
WMKA,Alor Star
WMKP,Penang I
WMKB,Butterworth
WMKI,Ipoh
WIMB,Binaka
VVDB,Dien Bien
VLLN,Luang Namtha
VLLB,Luang Phabang
VLNK,Nongkhang
VLSB,Sayaboury
VLXK,Xieng Khouang
VLVT,Vientiane
VTUL,Loei
VTUD,Udon Thani
VTUI,Sakon Nakhon
VTUW,Nakhon Phanom
VTUK,Khon Kaen
VLSK,Savannakhet
VTUV,Roi Et
VTUN,Nakhon Ratchasima
VTUQ,Nakhon Ratchasima
VTBI,Prachin Buri
VTUJ,Surin
VTUO,Buri Ram
VTUU,Ubon Ratchathani
VTBW,Watthana Nakhon
VDSR,"Siem Reap, Cambodia"
VDSA,Siem Reap Angkor
VDBG,"Battambang, Combodia"
VTBO,Trat
VDKK,Koh Kong
VDPP,Phnom Penh
VDSV,"Sihanukville, Cambodia"
VVPQ,Phuquoc
VTSC,Narathiwat
WMGK,Gong Kedak
WMKC,Kota Bharu
WMPR,Pulau Redang
WMKN,Kuala Terengganu
WMKE,Kerteh
WMSA,Kuala Lumpur
WMKD,Kuantan
WMKK,Kuala Lumpur
WMKM,Malacca
WMAP,Kluang
WMKJ,Johor Bahru
WSAG,Singapore
WSSL,Singapore
WIBB,Pekanbaru
WSAP,Singapore
WSAT,Singapore
WSSS,Singapore
WIDD,Batam
WIDN,Tanjung Pinang
VVNB,Hanoi
VVVD,Quang Ninh
VVCI,Haiphong
VVVH,Vinh
VLSP,Ban Viang
VVPB,Hue
VVDN,Danang
VLPS,Pakse
VDST,Stung Treng
VVPK,Pleiku
VVBM,Buon Me Thuot
VVDL,Dalat
VVTS,Hochiminh
VVCT,Cantho
VVRG,Rachgia
VVCM,Camau
VVCS,Conson
ZJHK,Haikou
ZJQH,Qionghai
ZJSY,Sanya
VVPC,Phucat
VVTH,"Tuyhoa, Vietnam"
VVCR,Cam Ranh
WBGK,Mukah
WBGG,Kuching
WBGS,Sibu
VHHH,Hong Kong
VMMC,Macao
WBKK,Kota Kinabalu
WBGR,Miri
WBKL,Labuan I
WBSB,Bandar Seri Begawan
WBAK,Anduki/Seria
WBGJ,Limbang
WBGW,Lawas
WBGM,Marudi
WBGB,Bintulu
RPVP,Puerto Princesa
WBKS,Sandakan
WBKW,Tawau
WBKD,Lahad Datu
WAQM,Malinau
WAQQ,Tarakan
WIBJ,Rengat
WIJJ,Jambi
WIGG,Bengkulu
WIPP,Palembang
WIKK,Depati Amir
WIKT,Tanjung Pandan
WILL,Bandar Lampung
WIII,Jakarta
WIRR,Tangerang
WIHH,Jakarta
WICC,Bandung
WICA,Jatiwangi
WICD,Penggung
WICM,Cibeureum
WICN,Pangandaran
WIOO,Pontianak
WIOK,Rahadi Usman
WAGI,Pangkalanbun
WAHS,Semarang
WAHL,Cilacap
WAHH,Yogyakarta
WAHI,Kulon Progo
WARI,Madiun
WARD,Kediri
WAGS,Hasan
WAGG,Palangkaraya
WAOO,Banjarmasin
WART,Pasarkayu
WARR,Surabaya
WARA,Malang
WADD,Denpasar
YPLM,Learmonth
WALS,Samarinda
WALL,Balikpapan
WAFF,Palu
WAAA,Ujung Pandang
WADS,Sumbawa
WADB,Bima
WATO,Mutiara Ii
YPKA,Karratha
YGIG,Gingin
YPEA,Pearce
YPJT,Perth
YPPH,Perth
UEST,Tiksi
UESO,Chokurdakh
UELL,Neryungri
UHBE,Zeya
UHBB,Blagoveshchensk
ZYHB,Harbin
ZYJM,Jiamusi
UEEE,Yakutsk
UHHH,Khabarovsk
UHNB,Bogorodskoye
UHKM,Sovetskaya Gavan
UHSK,Shakhtersk
UHSH,Okha
UHSS,Yuzhno-Sakhalinsk
ZYTX,Shenyang
ZYTL,Dalian
ZSYT,Yantai
ZSQD,Qingdao
ZSPD,Shanghai
ZSSS,Shanghai
ZSHC,Hangzhou
ZSNB,Ningbo
ZSZS,Dadong'Ao
RCMT,Matsu
RCPO,Hsinchu
RCSS,Taipei
RCTP,Taipei
RCMQ,Taichung
RCYU,Hualien
RCKU,Chiayi
RCAY,Kangshan
RCDC,Pingtung
RCKH,Kaohsiung
RCNN,Tainan
RCFN,Taitung
RCGI,Lyudao
RCQS,Taitung
ZYCC,Changchun
ZKPY,Pyeongyang
RKSI,Incheon
RKSM,Seoul
RKSS,Seoul
RKTP,Seosan
RKSG,Pyeongtaek
RKSO,Osan
RKTU,Cheongju
RKJK,Gunsan
RKJJ,Gwangju
RKPC,Jeju
RKPD,Jeju
ROMY,Miyakojima
RORS,Miyakojima
ROIG,Ishigaki
ZYMD,Mudanjiang
ZYYJ,Yanji
RKNY,Yangyang
RKNW,Wonju
RKTI,Jungwon
RKTY,Yecheon
RKTL,Uljin
RKTN,Daegu
RKPK,Busan
RKPU,Ulsan
RKTH,Pohang
RKJY,Yeosu
RKPS,Sacheon
RJFA,Ashiya
RJFR,Kitakyushu
RJOZ,Shimonoseki
RJDM,Metabaru
RJFF,Fukuoka
RJFZ,Nakatsu
RJFU,Nagasaki
RJFT,Kumamoto
RJFK,Kagoshima
RJFY,Kanoya
ROAH,Naha
RODN,Okinawa I
ROTM,Okinawa I
UHWW,Vladivostok
UHTR,Preobrazheniye
RJOH,Yonago
RJOF,Hofu
RJOA,Hiroshima
RJOI,Iwakuni
RJOM,Matsuyama
RJOB,Okayama
RJOT,Takamatsu
RJOP,Tokushima
RJOS,Tokushima
RJFO,Oita
RJOK,Kochi
RJFM,Miyazaki
RJFN,Nyutabaru
RJNT,Toyama
RJNK,Komatsu
RJNG,Gifu
RJNA,Nagoya
RJOO,Osaka
RJOY,Yao
RJGG,Nagoya
RJOE,Akeno
RJBB,Osaka
RJNH,Hamamatsu
RJNY,Yaizu
RJCA,Asahikawa
RJEC,Asahikawa
RJCO,Sapporo
RJCC,Sapporo
RJCJ,Sapporo
RJCH,Hakodate
RJSO,Ominato
RJSK,Akita
RJSA,Aomori
RJSH,Hachinohe
RJSM,Misawa
RJSS,Sendai
RJST,Matsushima
RJSU,Sendai
RJSN,Niigata
RJAH,Hyakuri
RJTU,Utsunomiya
RJTA,Atsugi
RJTC,Tachikawa
RJTJ,Iruma
RJTR,Zama
RJTY,Tokyo
RJAA,Tokyo
RJTK,Kisarazu
RJTL,Matsudo
RJTT,Tokyo
RJTE,Tateyama
RJAW,Iwoto
RJCM,Memanbetsu
RJCK,Kushiro
RJCB,Obihiro
RJCT,Tokachi
RCKW,Hengchun
RCLY,Lanyu
RPLI,Laoag
RPUY,Cauayan
RPUB,Baguio
RPUS,San Fernando
RPLB,Subic Bay
RPLC,Pampanga
RPUF,Floridablanca
RPUX,Plaridel
RPLV,Fort Magsaysay Apt
RPLS,Manila
RPLL,Manila
RPSP,Sampaloc
RPUL,Lipa
RPUN,Pili
RPLK,Albay
RPVE,Malay
RPVK,Kalibo
RPVR,Roxas
RPVI,Cadagmayan Norte
RPVB,Bacolod
RPVD,Dumaguete
RPMG,Dipolog
RPMZ,Zamboanga
WAMG,Gorontalo
RPVA,Tacloban
RPVM,Lapu-Lapu
RPNS,Del Carmen
RPMY,Misamis Oriental
RPME,Butuan
RPMC,Cotabato
RPMD,Davao
RPMR,Tambler
WAMM,Manado
WAEE,Ternate
PGSN,Saipan I
PGUA,Guam I
PGUM,Agana
WAWW,Kendari
WATE,H Hasan Aroeboesman
WATU,Waingapu
WATC,Maumere
WATT,Kupang
YBRM,Broome
WPDL,Dili
YCIN,Curtin
WASS,Sorong
WAPP,Ambon
YPDN,Darwin
WAUU,Manokwari
YPTN,Katherine
YDWF,Delamere
WABB,Biak
WABI,Nabire
WAYY,Timika
WAJJ,Jayapura
WAVV,Wamena
WAKT,Boven Digoel
WAKK,Merauke
AYMD,Madang
AYMH,Mount Hagen
AYGA,Goroka
YBCS,Cairns
AYNZ,Lae
AYPY,Port Moresby
YBTL,Townsville
YBHM,Hamilton I
YBMK,Mackay
YBAS,Alice Springs
YPWR,Woomera
YCEE,Cleve
YPAD,Adelaide
YPED,Adelaide
YPPF,Adelaide
YMEN,Melbourne
YMML,Melbourne
YMAV,Avalon
YMMB,Melbourne
YMAY,Albury
YSCB,Canberra
YMES,East Sale
YMLT,Launceston
YCBG,Hobart
YMHB,Hobart
UHMK,Keperveyem
UHMP,Pevek
UHMM,Magadan
UHPL,Palana
UHPP,Petropavlovsk-Kamchatsky
UHPT,Tilichiki
UHEK,Kupol
UHMA,Anadyr
PKRO,Roi-Namur
PKWA,Kwajalein Atoll
NGTA,Tarawa I
AYTK,Rabaul
NVVV,Port Vila
NWWM,Noumea
NWWW,Noumea
NFFN,Nadi
NFNA,Nausori
NFNB,Suva
NFKD,"Kadavu, Fiji Is"
YBRK,Rockhampton
YBSU,Maroochydore
YBOK,Oakey
YBBN,Brisbane
YAMB,Amberley
YBAF,Brisbane
YBCG,Gold Coast
YCFS,Coffs Harbour
YSTW,Tamworth
YWLM,Newcastle
YSRI,Richmond
YSCN,Camden
YSBK,Sydney
YSSY,Sydney
YSNW,Nowra
NZAA,Auckland
NZNE,North Shore
NZWP,Auckland
NZHN,Hamilton
NZTG,Tauranga
NZNP,New Plymouth
NZOH,Ohakea
NZPM,Palmerston North
NZNS,Nelson
NZTK,Takaka
NZCL,Marshlands
NZPN,Picton
NZOM,Blenheim
NZWB,Blenheim
NZWN,Wellington
NZCH,Christchurch
NZRO,Rotorua
NZGS,Gisborne
NZWO,Wairoa
NZHS,Hastings
NZNR,Napier
NZQN,Queenstown
NZNV,Invercargill
NZRC,Bluff
NZBA,Balclutha
NZDN,Dunedin
NZTI,Taieri
NZFX,Ross Island
NZWD,Mcmurdo Station
